Index, Percieved μ_p, Percieved μ_n, Threshold, Accuracy_p, Accuracy_n
0,1.074463074211301,-1.1101555078339436,-0.04648294246501061,0.9999066953510148,0.9998041214186332
